GEO.id,GEO.id2,GEO.display-label,total,no_schooling,nursery_school,kindergarten,1st_grade,2nd_grade,3rd_grade,4th_grade,5th_grade,6th_grade,7th_grade,8th_grade,9th_grade,10th_grade,11th_grade,12th_grade_no_diploma,high_school_diploma,ged_or_alternative_credential,some_college_less_than_1_year,some_college_1_or_more_years_no_degree,associates_degree,bachelors_degree,masters_degree,professional_school_degree,doctorate_degree
1400000US53033000100,53033000100,"Census Tract 1, King County, Washington",5708,82,0,0,0,0,59,59,0,44,0,110,0,28,27,112,833,239,259,669,470,1600,584,319,214
1400000US53033000200,53033000200,"Census Tract 2, King County, Washington",6079,115,0,0,0,0,0,0,0,66,3,0,41,17,42,125,614,169,229,739,458,2105,1045,77,234
1400000US53033000300,53033000300,"Census Tract 3, King County, Washington",2152,49,0,0,0,0,1,0,0,0,0,0,7,59,62,35,346,61,198,172,357,571,170,31,33
1400000US53033000401,53033000401,"Census Tract 4.01, King County, Washington",5084,60,0,0,0,0,0,0,30,43,0,28,20,60,54,18,769,248,472,864,432,1315,526,80,65
1400000US53033000402,53033000402,"Census Tract 4.02, King County, Washington",4498,60,0,0,0,0,0,0,0,0,0,32,0,19,41,76,730,40,307,628,323,1345,602,185,110
1400000US53033000500,53033000500,"Census Tract 5, King County, Washington",2333,6,9,0,0,0,9,2,0,0,0,0,0,0,0,18,154,26,79,246,125,880,480,187,112
1400000US53033000600,53033000600,"Census Tract 6, King County, Washington",5707,16,21,0,0,0,0,0,0,69,0,0,10,16,0,222,751,159,372,739,452,1617,921,167,175
1400000US53033000700,53033000700,"Census Tract 7, King County, Washington",3565,0,12,0,0,0,0,0,0,2,42,0,0,0,15,198,524,64,164,502,421,956,515,60,90
1400000US53033000800,53033000800,"Census Tract 8, King County, Washington",1874,1,0,0,0,0,0,0,0,0,0,6,0,0,18,10,100,6,56,333,97,510,445,138,154
1400000US53033000900,53033000900,"Census Tract 9, King County, Washington",1537,0,0,0,0,0,0,0,0,4,0,4,0,0,7,0,97,10,81,153,61,508,304,146,162
1400000US53033001000,53033001000,"Census Tract 10, King County, Washington",1370,0,0,0,0,0,0,0,0,0,0,9,15,2,0,5,114,0,24,189,100,408,341,64,99
1400000US53033001100,53033001100,"Census Tract 11, King County, Washington",2045,0,0,0,0,5,0,0,0,0,10,51,0,0,0,21,204,47,51,283,114,661,461,76,61
1400000US53033001200,53033001200,"Census Tract 12, King County, Washington",5362,66,0,5,0,0,0,0,0,37,0,0,85,76,103,67,539,60,315,1153,309,1551,769,101,126
1400000US53033001300,53033001300,"Census Tract 13, King County, Washington",3556,93,14,0,0,0,0,0,0,0,0,33,0,32,16,79,441,85,117,386,358,1122,521,188,71
1400000US53033001400,53033001400,"Census Tract 14, King County, Washington",4155,0,0,0,0,0,15,0,0,0,0,33,18,110,20,34,472,100,245,536,310,1301,760,64,137
1400000US53033001500,53033001500,"Census Tract 15, King County, Washington",1986,0,0,0,0,0,0,0,0,0,0,0,0,0,14,11,132,9,167,287,58,836,270,121,81
1400000US53033001600,53033001600,"Census Tract 16, King County, Washington",3358,11,0,0,0,0,0,0,0,0,0,0,0,1,0,6,209,76,137,442,223,1225,690,253,85
1400000US53033001701,53033001701,"Census Tract 17.01, King County, Washington",3095,0,0,0,0,0,0,0,0,0,0,0,0,2,43,13,179,11,179,266,295,1360,560,102,85
1400000US53033001702,53033001702,"Census Tract 17.02, King County, Washington",3772,75,0,0,0,0,0,0,0,0,0,0,25,14,0,17,333,43,173,460,447,1607,497,44,37
1400000US53033001800,53033001800,"Census Tract 18, King County, Washington",3763,69,0,0,0,0,0,45,0,16,0,17,0,0,0,40,194,0,74,413,460,1669,565,61,140
1400000US53033001900,53033001900,"Census Tract 19, King County, Washington",3539,0,0,0,0,0,0,0,0,31,5,19,15,38,10,75,223,41,121,620,188,1324,579,141,109
1400000US53033002000,53033002000,"Census Tract 20, King County, Washington",2909,0,0,0,0,10,0,0,0,0,0,0,0,12,20,0,188,52,44,513,310,1028,587,74,71
1400000US53033002100,53033002100,"Census Tract 21, King County, Washington",3096,11,0,0,0,0,0,0,0,11,0,0,22,21,0,23,290,14,113,305,214,1137,562,141,232
1400000US53033002200,53033002200,"Census Tract 22, King County, Washington",4201,0,0,0,0,0,0,5,0,0,0,0,0,0,0,7,258,19,102,301,289,1223,1065,521,411
1400000US53033002400,53033002400,"Census Tract 24, King County, Washington",2321,0,0,0,0,0,0,0,0,0,0,29,0,0,10,9,55,0,45,283,174,841,564,141,170
1400000US53033002500,53033002500,"Census Tract 25, King County, Washington",2484,0,14,0,0,0,0,0,0,0,0,0,6,0,0,0,142,47,52,252,123,1042,493,133,180
1400000US53033002600,53033002600,"Census Tract 26, King County, Washington",3524,0,0,0,0,0,0,0,0,0,0,0,1,0,0,0,197,26,83,358,261,1391,748,205,254
1400000US53033002700,53033002700,"Census Tract 27, King County, Washington",4487,18,0,0,0,0,0,0,0,0,12,0,24,12,38,35,265,10,141,444,106,1786,985,323,288
1400000US53033002800,53033002800,"Census Tract 28, King County, Washington",3802,22,0,0,0,0,0,0,0,0,0,1,1,0,0,11,218,86,49,320,278,1668,673,345,130
1400000US53033002900,53033002900,"Census Tract 29, King County, Washington",3524,0,0,0,0,0,0,0,0,0,0,0,17,0,32,16,196,88,134,447,111,1310,864,212,97
1400000US53033003000,53033003000,"Census Tract 30, King County, Washington",4383,0,0,0,0,0,0,0,21,1,0,17,0,73,22,17,455,81,99,475,218,1795,762,242,105
1400000US53033003100,53033003100,"Census Tract 31, King County, Washington",4724,11,0,0,0,0,0,0,0,16,0,0,3,0,68,11,273,32,202,685,291,2054,777,170,131
1400000US53033003200,53033003200,"Census Tract 32, King County, Washington",6896,26,0,0,0,0,0,0,0,0,0,15,0,0,15,0,348,102,205,776,444,3000,1433,374,158
1400000US53033003300,53033003300,"Census Tract 33, King County, Washington",5470,36,0,0,0,0,0,0,0,16,0,0,0,41,0,13,300,49,159,505,354,2511,1043,330,113
1400000US53033003400,53033003400,"Census Tract 34, King County, Washington",2697,13,0,0,0,0,0,0,0,0,10,0,0,0,0,10,91,8,80,175,288,1072,763,116,71
1400000US53033003500,53033003500,"Census Tract 35, King County, Washington",3196,0,0,0,0,0,0,0,0,5,0,1,3,19,0,4,105,58,51,287,120,1264,977,152,150
1400000US53033003600,53033003600,"Census Tract 36, King County, Washington",4961,0,0,0,0,60,0,8,0,0,0,0,0,27,0,0,163,55,156,308,295,2453,858,382,196
1400000US53033003800,53033003800,"Census Tract 38, King County, Washington",1472,20,0,0,0,0,0,0,0,0,0,0,0,0,0,12,72,8,26,153,59,560,316,90,156
1400000US53033003900,53033003900,"Census Tract 39, King County, Washington",2122,15,0,0,0,0,0,0,0,12,0,0,0,0,0,17,23,20,53,320,127,845,351,175,164
1400000US53033004000,53033004000,"Census Tract 40, King County, Washington",2265,0,0,0,0,0,0,0,0,0,5,0,11,77,64,0,99,0,51,164,50,790,500,284,170
1400000US53033004100,53033004100,"Census Tract 41, King County, Washington",5304,0,0,0,0,0,0,0,0,0,0,10,41,2,16,35,129,39,60,123,211,2155,1226,619,638
1400000US53033004200,53033004200,"Census Tract 42, King County, Washington",5953,0,0,0,0,0,24,0,0,0,0,31,0,13,0,39,158,38,199,464,314,2217,1515,440,501
1400000US53033004301,53033004301,"Census Tract 43.01, King County, Washington",2338,0,0,0,0,0,0,25,0,0,0,5,0,0,0,7,113,0,108,189,175,817,499,179,221
1400000US53033004302,53033004302,"Census Tract 43.02, King County, Washington",1302,10,0,0,0,0,0,0,0,0,0,0,0,0,11,19,72,9,43,112,102,368,348,70,138
1400000US53033004400,53033004400,"Census Tract 44, King County, Washington",3863,15,15,0,0,0,0,0,0,0,0,15,0,0,0,0,272,20,199,399,48,1602,674,226,378
1400000US53033004500,53033004500,"Census Tract 45, King County, Washington",2194,10,0,0,0,0,0,0,0,0,0,0,19,0,0,0,108,2,44,232,134,1110,333,97,105
1400000US53033004600,53033004600,"Census Tract 46, King County, Washington",2806,17,0,0,0,0,0,0,0,0,0,26,0,0,23,4,120,4,128,266,106,1175,659,144,134
1400000US53033004700,53033004700,"Census Tract 47, King County, Washington",7667,41,0,0,0,0,0,0,28,0,0,26,35,0,0,62,492,127,207,650,434,3905,1270,232,158
1400000US53033004800,53033004800,"Census Tract 48, King County, Washington",4145,0,0,0,0,0,0,0,0,0,0,0,16,0,0,15,216,23,84,407,244,1794,998,190,158
1400000US53033004900,53033004900,"Census Tract 49, King County, Washington",5889,6,0,0,0,0,6,0,0,0,0,0,37,0,43,29,296,41,185,433,396,2874,1003,172,368
1400000US53033005000,53033005000,"Census Tract 50, King County, Washington",3213,0,0,0,0,0,0,0,0,0,0,0,0,0,14,39,132,0,35,291,324,1348,836,109,85
1400000US53033005100,53033005100,"Census Tract 51, King County, Washington",2694,0,0,0,0,0,0,0,0,0,0,0,25,0,13,14,130,49,43,192,142,1037,671,122,256
1400000US53033005200,53033005200,"Census Tract 52, King County, Washington",3203,0,0,0,0,0,0,0,0,0,0,19,0,0,0,17,90,24,210,388,162,1088,814,188,203
1400000US53033005301,53033005301,"Census Tract 53.01, King County, Washington",1908,9,0,0,0,0,38,0,0,0,4,0,8,55,0,0,62,72,5,495,96,479,426,23,136
1400000US53033005302,53033005302,"Census Tract 53.02, King County, Washington",215,0,0,0,0,0,0,0,0,0,0,0,0,0,0,41,5,11,10,42,5,70,26,0,5
1400000US53033005400,53033005400,"Census Tract 54, King County, Washington",4603,0,0,0,0,0,0,0,0,0,18,31,0,15,0,0,141,0,72,360,223,2174,876,369,324
1400000US53033005600,53033005600,"Census Tract 56, King County, Washington",5111,44,0,0,0,0,0,19,0,0,0,0,0,16,0,36,209,0,135,416,316,2004,1155,398,363
1400000US53033005700,53033005700,"Census Tract 57, King County, Washington",5077,0,0,0,0,0,0,0,0,0,0,0,0,0,0,37,383,45,149,664,362,2122,841,257,217
1400000US53033005801,53033005801,"Census Tract 58.01, King County, Washington",4121,10,0,0,0,0,0,0,0,14,0,0,16,24,58,20,379,83,186,691,353,1602,511,104,70
1400000US53033005802,53033005802,"Census Tract 58.02, King County, Washington",4458,0,0,0,0,0,0,0,45,0,0,2,0,0,1,41,266,17,164,538,186,2022,861,187,128
1400000US53033005900,53033005900,"Census Tract 59, King County, Washington",4622,0,0,0,0,0,0,0,0,0,0,0,1,0,0,0,185,65,161,442,163,1995,920,488,202
1400000US53033006000,53033006000,"Census Tract 60, King County, Washington",4368,37,0,0,0,0,0,0,0,0,0,0,12,4,0,16,153,69,270,456,196,1588,791,400,376
1400000US53033006100,53033006100,"Census Tract 61, King County, Washington",4392,14,0,0,0,0,0,0,0,0,0,0,2,16,15,0,79,18,84,599,173,1729,928,399,336
1400000US53033006200,53033006200,"Census Tract 62, King County, Washington",3282,11,0,0,0,0,0,0,0,0,0,0,16,11,0,0,132,51,25,197,78,1115,902,582,162
1400000US53033006300,53033006300,"Census Tract 63, King County, Washington",4266,5,0,0,0,0,0,0,0,0,0,5,20,18,0,0,54,15,161,401,212,1822,915,432,206
1400000US53033006400,53033006400,"Census Tract 64, King County, Washington",2652,20,0,0,0,0,10,0,0,0,0,7,0,15,0,0,53,45,61,197,67,1186,514,317,160
1400000US53033006500,53033006500,"Census Tract 65, King County, Washington",3842,1,0,0,0,0,0,0,0,0,1,0,2,0,20,0,136,15,145,416,204,1620,692,365,225
1400000US53033006600,53033006600,"Census Tract 66, King County, Washington",3416,0,0,0,0,0,0,0,0,3,0,4,0,0,0,0,160,2,128,289,276,1554,602,125,273
1400000US53033006700,53033006700,"Census Tract 67, King County, Washington",7569,34,0,0,0,0,0,0,0,8,0,0,30,33,0,0,236,66,249,733,460,2849,2161,568,142
1400000US53033006800,53033006800,"Census Tract 68, King County, Washington",2379,0,0,0,0,0,0,0,0,0,0,0,0,0,7,0,97,20,49,173,86,1154,543,184,66
1400000US53033006900,53033006900,"Census Tract 69, King County, Washington",3781,80,0,0,0,0,0,0,0,0,0,0,0,17,17,0,112,0,119,293,269,1771,760,233,110
1400000US53033007000,53033007000,"Census Tract 70, King County, Washington",6414,59,0,0,0,0,0,0,102,0,1,8,0,0,0,70,302,83,315,703,254,2992,1005,286,234
1400000US53033007100,53033007100,"Census Tract 71, King County, Washington",3769,0,0,0,0,0,0,24,0,2,0,6,0,0,13,0,289,60,100,412,104,1362,1116,193,88
1400000US53033007200,53033007200,"Census Tract 72, King County, Washington",7201,0,0,0,0,0,5,0,0,4,0,70,0,0,5,72,174,159,171,595,445,2969,2169,248,115
1400000US53033007300,53033007300,"Census Tract 73, King County, Washington",5488,0,0,0,0,26,0,16,35,8,33,29,6,32,24,39,211,127,131,921,326,1686,1125,425,288
1400000US53033007401,53033007401,"Census Tract 74.01, King County, Washington",4462,21,0,0,0,0,0,0,0,0,0,0,0,70,0,19,110,34,181,516,308,2116,702,146,239
1400000US53033007402,53033007402,"Census Tract 74.02, King County, Washington",4414,0,0,0,0,0,0,0,0,0,0,0,8,7,72,17,372,153,155,788,220,1613,699,189,121
1400000US53033007500,53033007500,"Census Tract 75, King County, Washington",7239,27,0,1,0,0,27,0,0,0,0,0,1,0,0,28,286,26,224,840,570,3256,1252,458,243
1400000US53033007600,53033007600,"Census Tract 76, King County, Washington",3293,0,0,0,0,0,0,0,35,0,3,0,0,0,17,6,203,0,30,344,165,1319,725,317,129
1400000US53033007700,53033007700,"Census Tract 77, King County, Washington",4043,0,0,0,0,0,0,0,0,5,0,0,0,0,0,0,229,38,110,466,320,1784,677,300,114
1400000US53033007800,53033007800,"Census Tract 78, King County, Washington",4199,48,0,0,0,0,0,0,0,35,0,0,22,0,40,0,110,19,34,242,186,1713,996,543,211
1400000US53033007900,53033007900,"Census Tract 79, King County, Washington",5264,71,0,0,0,0,0,42,0,18,20,26,13,49,28,5,294,54,146,523,351,2290,853,172,309
1400000US53033008001,53033008001,"Census Tract 80.01, King County, Washington",6122,0,0,0,0,0,0,0,0,0,0,0,101,0,0,24,368,149,128,605,80,2205,1940,337,185
1400000US53033008002,53033008002,"Census Tract 80.02, King County, Washington",3017,18,0,0,0,0,0,0,0,0,4,5,38,10,30,71,310,116,74,523,169,1123,385,91,50
1400000US53033008100,53033008100,"Census Tract 81, King County, Washington",4247,0,0,0,0,0,9,0,20,14,14,25,12,62,60,129,457,204,117,646,207,1374,656,151,90
1400000US53033008200,53033008200,"Census Tract 82, King County, Washington",3619,0,0,0,0,0,0,0,0,0,0,0,0,0,0,2,162,21,311,445,126,1519,679,278,76
1400000US53033008300,53033008300,"Census Tract 83, King County, Washington",2654,9,0,0,0,0,60,0,0,10,0,8,4,14,14,30,202,118,129,377,167,992,358,145,17
1400000US53033008400,53033008400,"Census Tract 84, King County, Washington",3746,31,0,0,0,0,0,15,0,0,0,0,0,0,47,25,219,110,180,467,301,1375,567,258,151
1400000US53033008500,53033008500,"Census Tract 85, King County, Washington",3581,108,0,0,0,0,0,0,13,42,8,58,15,66,156,22,433,297,148,826,126,707,262,167,127
1400000US53033008600,53033008600,"Census Tract 86, King County, Washington",2477,100,0,44,0,0,0,0,15,0,0,53,47,0,0,31,104,110,53,243,136,936,365,130,110
1400000US53033008700,53033008700,"Census Tract 87, King County, Washington",3188,8,0,0,0,0,0,0,8,18,30,46,35,7,25,62,198,131,155,512,229,1027,337,166,194
1400000US53033008800,53033008800,"Census Tract 88, King County, Washington",3205,10,0,0,0,38,73,0,22,25,0,18,13,7,27,7,208,46,128,329,153,1210,597,232,62
1400000US53033008900,53033008900,"Census Tract 89, King County, Washington",4307,5,0,0,0,48,7,0,7,57,50,12,71,51,14,18,429,33,152,425,394,1432,763,249,90
1400000US53033009000,53033009000,"Census Tract 90, King County, Washington",2901,94,0,9,0,9,26,4,9,47,0,55,31,17,38,62,482,53,99,304,210,803,397,96,56
1400000US53033009100,53033009100,"Census Tract 91, King County, Washington",2093,16,0,0,8,0,88,0,9,159,0,108,175,10,8,116,377,30,74,242,52,510,55,34,22
1400000US53033009200,53033009200,"Census Tract 92, King County, Washington",2529,56,0,0,0,0,37,5,17,156,4,100,49,19,14,63,354,88,134,503,114,536,172,71,37
1400000US53033009300,53033009300,"Census Tract 93, King County, Washington",2203,38,0,0,0,0,5,19,0,6,7,0,17,0,42,68,207,64,137,349,239,573,258,112,62
1400000US53033009400,53033009400,"Census Tract 94, King County, Washington",5424,281,0,0,61,49,30,16,13,243,62,136,74,76,4,88,633,147,157,557,551,1610,440,174,22
1400000US53033009500,53033009500,"Census Tract 95, King County, Washington",4962,26,0,0,0,0,15,22,0,0,14,86,17,93,19,65,380,120,95,589,376,1415,1030,431,169
1400000US53033009600,53033009600,"Census Tract 96, King County, Washington",4670,15,0,0,0,0,10,0,0,24,11,35,0,99,0,14,369,20,211,540,326,1639,750,399,208
1400000US53033009701,53033009701,"Census Tract 97.01, King County, Washington",4976,3,0,0,0,0,0,0,0,0,0,0,48,0,0,31,372,14,186,627,360,2090,869,265,111
1400000US53033009702,53033009702,"Census Tract 97.02, King County, Washington",4091,40,0,0,0,0,0,0,0,0,0,6,0,18,0,10,320,74,143,387,286,1858,574,260,115
1400000US53033009800,53033009800,"Census Tract 98, King County, Washington",5507,12,0,0,0,0,0,0,0,0,33,0,17,19,17,0,525,86,225,788,446,2178,714,312,135
1400000US53033009900,53033009900,"Census Tract 99, King County, Washington",4632,18,0,0,0,0,0,0,29,0,0,0,9,0,54,34,417,0,188,675,392,1957,562,198,99
1400000US53033010001,53033010001,"Census Tract 100.01, King County, Washington",2872,196,0,0,0,0,0,39,80,42,0,53,70,0,0,77,238,8,191,427,145,791,407,81,27
1400000US53033010002,53033010002,"Census Tract 100.02, King County, Washington",3503,145,0,0,0,9,0,0,9,121,12,51,188,10,0,39,520,47,181,391,214,1021,388,95,62
1400000US53033010100,53033010100,"Census Tract 101, King County, Washington",6079,181,0,0,0,26,15,0,0,37,0,72,72,35,165,93,738,170,333,743,365,1661,938,276,159
1400000US53033010200,53033010200,"Census Tract 102, King County, Washington",3499,76,0,0,12,0,13,0,0,9,0,0,14,13,12,47,217,78,65,382,211,1292,710,210,138
1400000US53033010300,53033010300,"Census Tract 103, King County, Washington",5235,76,0,0,0,0,72,18,12,26,0,25,71,12,25,184,1021,240,325,647,432,1326,556,97,70
1400000US53033010401,53033010401,"Census Tract 104.01, King County, Washington",3255,181,0,17,0,0,59,14,11,25,29,52,43,5,46,230,673,56,117,317,305,720,254,55,46
1400000US53033010402,53033010402,"Census Tract 104.02, King County, Washington",3593,202,0,0,0,2,62,4,13,35,33,33,149,54,15,93,629,9,213,484,321,939,180,97,26
1400000US53033010500,53033010500,"Census Tract 105, King County, Washington",5966,40,0,1,32,31,3,7,0,0,0,0,10,5,61,74,693,60,321,654,373,2021,1142,272,166
1400000US53033010600,53033010600,"Census Tract 106, King County, Washington",6478,20,0,0,0,0,0,0,0,83,15,41,16,14,56,36,606,118,239,832,588,2606,835,273,100
1400000US53033010701,53033010701,"Census Tract 107.01, King County, Washington",2446,52,0,0,0,0,0,14,8,23,0,7,16,48,28,47,284,80,73,552,266,593,316,17,22
1400000US53033010702,53033010702,"Census Tract 107.02, King County, Washington",2674,175,0,0,20,47,0,44,44,45,0,108,69,0,52,53,253,107,141,470,174,592,206,52,22
1400000US53033010800,53033010800,"Census Tract 108, King County, Washington",3523,0,0,0,0,0,15,0,0,24,0,0,3,17,19,43,491,82,159,544,336,1156,563,46,25
1400000US53033010900,53033010900,"Census Tract 109, King County, Washington",939,0,0,0,0,0,0,0,0,0,0,18,6,5,18,8,108,34,67,111,109,348,100,7,0
1400000US53033011001,53033011001,"Census Tract 110.01, King County, Washington",3179,333,6,22,29,0,54,57,57,12,33,18,135,51,141,119,577,61,154,408,166,521,146,9,70
1400000US53033011002,53033011002,"Census Tract 110.02, King County, Washington",3092,237,0,0,0,9,23,52,29,196,64,133,183,67,36,112,783,55,97,335,179,402,45,46,9
1400000US53033011101,53033011101,"Census Tract 111.01, King County, Washington",3967,336,0,0,0,43,41,31,0,78,0,68,132,21,72,65,755,265,290,435,251,670,317,39,58
1400000US53033011102,53033011102,"Census Tract 111.02, King County, Washington",3060,172,0,9,0,0,10,11,0,117,0,10,71,17,56,10,433,50,192,309,287,766,357,101,82
1400000US53033011200,53033011200,"Census Tract 112, King County, Washington",2391,40,0,0,0,0,3,10,6,45,24,21,44,97,93,65,540,136,129,423,121,451,143,0,0
1400000US53033011300,53033011300,"Census Tract 113, King County, Washington",5123,135,0,0,0,0,79,87,4,43,35,31,88,18,63,90,653,165,338,1289,501,1062,282,97,63
1400000US53033011401,53033011401,"Census Tract 114.01, King County, Washington",2906,68,0,10,0,0,0,0,0,64,0,0,35,32,60,98,515,93,145,667,281,549,244,14,31
1400000US53033011402,53033011402,"Census Tract 114.02, King County, Washington",3078,30,0,0,9,0,61,19,0,108,0,0,89,88,43,92,500,100,144,428,235,765,277,38,52
1400000US53033011500,53033011500,"Census Tract 115, King County, Washington",3387,14,0,0,0,0,0,0,0,0,0,0,10,45,18,35,403,104,195,472,272,1234,461,77,47
1400000US53033011600,53033011600,"Census Tract 116, King County, Washington",5253,32,0,0,0,0,0,0,0,0,0,0,5,52,1,14,515,58,147,701,430,1973,828,352,145
1400000US53033011700,53033011700,"Census Tract 117, King County, Washington",3917,115,0,0,0,21,7,29,18,75,40,51,103,101,141,160,738,81,150,632,352,721,230,59,93
1400000US53033011800,53033011800,"Census Tract 118, King County, Washington",5575,442,0,45,0,16,114,0,57,116,57,11,118,83,38,108,1064,111,233,1002,419,992,403,50,96
1400000US53033011900,53033011900,"Census Tract 119, King County, Washington",5355,164,0,0,0,0,24,19,0,83,36,0,46,56,109,109,1020,255,260,615,804,1131,410,94,120
1400000US53033012000,53033012000,"Census Tract 120, King County, Washington",2664,8,0,0,0,0,0,0,0,0,0,0,10,28,26,29,371,118,90,367,231,834,387,114,51
1400000US53033012100,53033012100,"Census Tract 121, King County, Washington",2085,0,0,0,0,0,0,0,0,1,2,0,18,1,0,3,195,15,119,342,169,847,290,74,9
1400000US53033020100,53033020100,"Census Tract 201, King County, Washington",2572,10,0,0,0,0,0,0,0,0,0,15,7,38,29,0,197,55,133,295,207,948,373,131,134
1400000US53033020200,53033020200,"Census Tract 202, King County, Washington",3913,15,0,0,0,5,3,9,22,7,0,16,0,0,0,106,461,41,160,500,389,1459,519,124,77
1400000US53033020300,53033020300,"Census Tract 203, King County, Washington",5187,197,0,0,22,17,93,0,0,76,0,55,12,15,94,111,714,74,308,660,485,1531,548,88,87
1400000US53033020401,53033020401,"Census Tract 204.01, King County, Washington",2726,0,0,0,0,0,9,0,19,20,0,30,22,2,22,34,376,39,234,469,275,674,380,79,42
1400000US53033020402,53033020402,"Census Tract 204.02, King County, Washington",4024,23,0,0,0,0,0,0,14,3,0,16,17,14,151,162,401,36,283,573,345,1105,637,131,113
1400000US53033020500,53033020500,"Census Tract 205, King County, Washington",5013,168,0,0,0,0,8,0,4,21,0,19,0,18,12,54,647,72,174,898,739,1358,526,178,117
1400000US53033020600,53033020600,"Census Tract 206, King County, Washington",2598,14,0,0,0,3,0,0,0,41,9,0,7,12,45,52,352,90,146,362,356,804,161,74,70
1400000US53033020700,53033020700,"Census Tract 207, King County, Washington",2786,15,0,0,0,22,35,26,34,46,9,10,0,45,112,81,365,62,145,493,337,663,243,0,43
1400000US53033020800,53033020800,"Census Tract 208, King County, Washington",3257,23,0,0,0,0,0,0,0,9,0,9,0,9,27,80,283,60,158,370,269,1063,567,226,104
1400000US53033020900,53033020900,"Census Tract 209, King County, Washington",2957,57,0,0,0,0,12,4,0,0,0,13,38,57,4,50,390,68,107,384,219,1096,330,105,23
1400000US53033021000,53033021000,"Census Tract 210, King County, Washington",4438,73,0,0,0,0,0,0,0,29,0,0,21,131,30,43,839,184,224,832,423,1222,291,82,14
1400000US53033021100,53033021100,"Census Tract 211, King County, Washington",3443,62,0,0,0,0,0,12,0,5,28,6,10,39,81,110,523,69,297,642,346,822,271,60,60
1400000US53033021300,53033021300,"Census Tract 213, King County, Washington",2927,31,0,0,0,0,0,0,0,0,5,14,15,0,0,42,318,59,105,417,238,858,473,182,170
1400000US53033021400,53033021400,"Census Tract 214, King County, Washington",2851,0,0,0,0,0,0,0,0,16,0,0,9,0,17,108,286,84,160,489,142,895,352,145,148
1400000US53033021500,53033021500,"Census Tract 215, King County, Washington",3377,0,0,0,0,0,0,0,0,4,3,21,0,0,0,15,350,36,188,430,368,1178,455,170,159
1400000US53033021600,53033021600,"Census Tract 216, King County, Washington",3702,12,9,0,0,0,0,0,0,1,11,10,1,0,34,60,322,63,228,600,296,1237,541,100,177
1400000US53033021700,53033021700,"Census Tract 217, King County, Washington",6068,15,0,0,0,0,0,8,0,72,0,23,32,81,18,221,793,105,440,862,449,2025,676,127,121
1400000US53033021802,53033021802,"Census Tract 218.02, King County, Washington",3476,90,0,0,0,0,0,0,0,0,0,0,44,0,90,47,386,18,192,405,238,1250,628,0,88
1400000US53033021803,53033021803,"Census Tract 218.03, King County, Washington",3551,9,0,0,0,0,0,0,0,38,0,0,0,17,17,25,575,40,280,655,488,889,371,64,83
1400000US53033021804,53033021804,"Census Tract 218.04, King County, Washington",3388,34,0,0,0,0,0,0,0,39,0,0,9,22,17,127,365,82,116,477,208,1372,401,53,66
1400000US53033021903,53033021903,"Census Tract 219.03, King County, Washington",4353,0,0,0,0,0,0,0,0,0,0,0,0,0,47,75,548,99,210,657,345,1580,641,96,55
1400000US53033021904,53033021904,"Census Tract 219.04, King County, Washington",3504,118,0,0,0,0,8,0,0,55,9,0,11,38,14,44,567,82,239,359,363,986,490,40,81
1400000US53033021905,53033021905,"Census Tract 219.05, King County, Washington",4159,32,0,0,0,0,0,0,0,0,16,40,42,17,36,43,739,98,194,524,357,1488,421,37,75
1400000US53033021906,53033021906,"Census Tract 219.06, King County, Washington",2845,14,0,0,0,0,0,0,0,0,1,0,0,12,62,24,268,67,123,453,363,967,376,72,43
1400000US53033022001,53033022001,"Census Tract 220.01, King County, Washington",4043,25,0,0,0,25,0,0,0,0,0,0,18,27,19,53,625,38,234,732,286,1265,549,57,90
1400000US53033022003,53033022003,"Census Tract 220.03, King County, Washington",3678,22,0,0,0,0,0,0,0,29,0,7,49,6,14,47,525,126,231,529,265,1172,525,57,74
1400000US53033022005,53033022005,"Census Tract 220.05, King County, Washington",3597,0,0,0,0,1,0,0,0,0,0,19,0,0,26,0,297,41,303,414,280,1393,653,83,87
1400000US53033022006,53033022006,"Census Tract 220.06, King County, Washington",3046,68,0,2,0,0,0,0,0,35,10,50,8,0,0,14,453,0,164,395,197,1108,423,84,35
1400000US53033022101,53033022101,"Census Tract 221.01, King County, Washington",3411,0,0,0,0,0,0,0,0,0,0,0,1,35,10,9,444,98,67,443,290,1162,649,110,93
1400000US53033022102,53033022102,"Census Tract 221.02, King County, Washington",4515,36,0,0,0,0,0,0,0,0,15,0,37,37,7,62,283,31,310,432,355,1701,738,169,302
1400000US53033022201,53033022201,"Census Tract 222.01, King County, Washington",3270,17,0,0,0,11,0,0,0,0,0,0,0,0,25,73,515,72,193,511,304,1047,418,66,18
1400000US53033022202,53033022202,"Census Tract 222.02, King County, Washington",5582,34,0,0,0,0,0,15,0,0,42,0,1,0,28,78,594,44,298,794,456,2039,917,79,163
1400000US53033022203,53033022203,"Census Tract 222.03, King County, Washington",3619,14,0,7,0,0,0,0,0,0,0,0,0,0,0,10,343,54,145,507,263,1402,605,165,104
1400000US53033022300,53033022300,"Census Tract 223, King County, Washington",2019,9,0,0,0,0,0,0,0,1,0,11,0,0,0,7,96,17,72,204,122,745,434,140,161
1400000US53033022400,53033022400,"Census Tract 224, King County, Washington",6236,0,0,0,0,0,41,0,0,23,18,19,1,20,32,37,465,0,330,404,338,3042,1115,277,74
1400000US53033022500,53033022500,"Census Tract 225, King County, Washington",6541,22,0,0,0,0,0,0,0,0,0,17,0,20,0,18,327,0,282,586,598,2785,1256,378,252
1400000US53033022603,53033022603,"Census Tract 226.03, King County, Washington",4252,53,0,0,0,0,0,0,0,82,0,1,25,3,44,52,416,54,171,844,293,1444,646,65,59
1400000US53033022604,53033022604,"Census Tract 226.04, King County, Washington",3530,37,0,0,0,0,0,0,0,0,0,17,0,13,0,12,341,41,182,538,266,1302,597,112,72
1400000US53033022605,53033022605,"Census Tract 226.05, King County, Washington",4450,180,0,0,0,0,0,0,0,0,0,14,107,0,34,0,434,97,302,559,347,1639,585,39,113
1400000US53033022606,53033022606,"Census Tract 226.06, King County, Washington",4330,0,0,10,0,0,0,0,0,22,0,0,18,0,12,50,366,103,123,704,328,1581,794,134,85
1400000US53033022701,53033022701,"Census Tract 227.01, King County, Washington",2238,15,0,0,0,0,0,0,0,0,0,0,9,32,0,0,97,0,82,218,163,907,429,191,95
1400000US53033022702,53033022702,"Census Tract 227.02, King County, Washington",2555,18,0,0,0,0,0,0,0,0,0,6,0,0,0,9,108,10,90,357,137,1090,434,206,90
1400000US53033022703,53033022703,"Census Tract 227.03, King County, Washington",1632,0,0,0,1,0,0,0,8,0,0,2,11,0,13,7,199,14,32,172,96,611,363,48,55
1400000US53033022801,53033022801,"Census Tract 228.01, King County, Washington",6660,69,0,22,0,0,0,0,21,0,0,32,47,0,13,104,328,60,207,420,212,2739,1938,142,306
1400000US53033022802,53033022802,"Census Tract 228.02, King County, Washington",3527,22,0,0,0,0,0,0,0,0,0,0,13,1,0,9,254,18,92,260,323,1448,931,62,94
1400000US53033022803,53033022803,"Census Tract 228.03, King County, Washington",4219,106,0,0,0,0,0,0,19,9,0,14,1,0,0,0,208,105,70,235,271,1535,1424,76,146
1400000US53033022901,53033022901,"Census Tract 229.01, King County, Washington",2168,30,0,0,3,9,0,0,6,12,20,16,46,23,8,0,168,62,57,143,172,673,497,134,89
1400000US53033022902,53033022902,"Census Tract 229.02, King County, Washington",4791,0,0,0,0,0,0,0,0,0,0,38,0,19,19,72,196,15,112,335,244,2320,1062,138,221
1400000US53033023000,53033023000,"Census Tract 230, King County, Washington",3702,19,0,0,0,0,0,0,9,34,17,3,20,11,9,19,476,55,168,306,205,1375,720,147,109
1400000US53033023100,53033023100,"Census Tract 231, King County, Washington",2922,38,0,0,0,17,19,0,0,10,0,0,0,5,0,32,336,18,173,329,166,1218,437,82,42
1400000US53033023201,53033023201,"Census Tract 232.01, King County, Washington",5319,76,0,0,0,0,0,0,0,0,0,0,14,14,6,79,458,99,118,224,196,2362,1360,118,195
1400000US53033023202,53033023202,"Census Tract 232.02, King County, Washington",3290,97,0,0,0,32,0,8,0,86,20,119,63,9,1,71,576,1,155,388,295,981,348,0,40
1400000US53033023300,53033023300,"Census Tract 233, King County, Washington",4697,115,0,13,0,19,0,0,73,44,67,87,61,20,0,81,677,73,99,392,525,1516,576,193,66
1400000US53033023401,53033023401,"Census Tract 234.01, King County, Washington",2768,35,0,0,0,0,0,27,0,51,26,27,9,22,23,27,299,10,66,251,143,1067,552,78,55
1400000US53033023403,53033023403,"Census Tract 234.03, King County, Washington",3001,52,0,2,0,0,0,0,0,0,0,13,12,32,0,31,205,54,199,325,197,1083,533,91,172
1400000US53033023404,53033023404,"Census Tract 234.04, King County, Washington",2271,9,0,0,0,0,0,0,0,0,0,25,0,18,21,0,95,13,66,142,171,1125,396,146,44
1400000US53033023500,53033023500,"Census Tract 235, King County, Washington",2635,6,0,0,0,0,0,0,0,3,0,19,0,10,0,18,202,45,132,378,160,964,486,115,97
1400000US53033023601,53033023601,"Census Tract 236.01, King County, Washington",3020,8,0,0,0,0,0,0,0,0,11,0,24,37,0,30,123,13,109,355,297,1164,548,161,140
1400000US53033023603,53033023603,"Census Tract 236.03, King County, Washington",4763,57,0,0,0,0,0,0,0,0,58,12,0,130,52,33,607,129,133,497,258,1485,977,173,162
1400000US53033023604,53033023604,"Census Tract 236.04, King County, Washington",4579,19,0,0,0,0,91,0,0,181,36,35,11,31,47,133,788,57,156,521,301,1300,637,101,134
1400000US53033023700,53033023700,"Census Tract 237, King County, Washington",3082,9,0,0,0,0,0,0,10,2,0,0,0,0,16,0,196,26,58,377,245,1217,703,120,103
1400000US53033023801,53033023801,"Census Tract 238.01, King County, Washington",2073,59,0,0,0,0,0,0,0,0,0,0,0,0,0,6,155,15,52,133,209,672,513,152,107
1400000US53033023803,53033023803,"Census Tract 238.03, King County, Washington",4436,27,0,0,0,0,0,0,0,0,0,0,0,0,0,87,100,15,72,488,130,1794,1291,226,206
1400000US53033023804,53033023804,"Census Tract 238.04, King County, Washington",5837,17,0,0,0,0,0,0,0,40,2,0,1,0,0,55,272,0,132,427,418,2314,1645,256,258
1400000US53033023900,53033023900,"Census Tract 239, King County, Washington",5124,30,0,0,0,0,0,0,0,74,0,0,0,13,0,63,309,54,262,505,209,2233,923,307,142
1400000US53033024000,53033024000,"Census Tract 240, King County, Washington",5618,0,0,0,0,0,18,0,0,0,0,0,11,28,0,18,301,14,134,585,268,2472,1362,203,204
1400000US53033024100,53033024100,"Census Tract 241, King County, Washington",3271,7,0,0,2,0,0,0,0,3,0,0,5,1,14,12,119,12,81,254,203,1353,723,336,146
1400000US53033024200,53033024200,"Census Tract 242, King County, Washington",2192,0,0,0,0,0,0,0,0,0,6,7,0,6,0,9,104,7,67,148,71,924,501,229,113
1400000US53033024300,53033024300,"Census Tract 243, King County, Washington",6350,19,0,0,0,0,0,0,0,27,0,14,68,29,48,33,425,0,132,517,243,2570,1326,670,229
1400000US53033024400,53033024400,"Census Tract 244, King County, Washington",2148,0,0,0,0,0,0,0,0,0,0,0,0,13,20,0,123,22,58,265,166,894,306,216,65
1400000US53033024500,53033024500,"Census Tract 245, King County, Washington",3401,17,0,0,0,0,0,0,11,34,0,0,0,17,0,12,86,0,37,215,194,1466,800,332,180
1400000US53033024601,53033024601,"Census Tract 246.01, King County, Washington",3157,0,0,0,0,0,0,0,0,0,0,0,0,0,1,0,87,10,138,191,107,1386,689,438,110
1400000US53033024602,53033024602,"Census Tract 246.02, King County, Washington",2521,3,0,0,0,0,0,0,0,0,0,0,0,0,6,0,150,0,45,188,69,980,720,231,129
1400000US53033024701,53033024701,"Census Tract 247.01, King County, Washington",2592,40,12,0,0,0,0,0,0,0,0,0,12,35,0,9,424,44,118,357,219,756,387,65,114
1400000US53033024702,53033024702,"Census Tract 247.02, King County, Washington",5474,52,0,0,0,0,0,0,0,0,18,0,0,6,12,79,686,115,277,706,348,1792,972,155,256
1400000US53033024800,53033024800,"Census Tract 248, King County, Washington",4003,72,0,0,0,0,0,0,0,0,14,121,50,22,27,67,605,14,161,581,383,1151,472,47,216
1400000US53033024901,53033024901,"Census Tract 249.01, King County, Washington",3578,20,0,0,0,9,0,0,0,0,0,0,8,0,0,19,257,38,112,322,173,1288,847,223,262
1400000US53033024902,53033024902,"Census Tract 249.02, King County, Washington",2810,0,5,0,0,0,0,0,0,0,14,0,0,0,0,0,197,0,70,356,184,1117,545,167,155
1400000US53033024903,53033024903,"Census Tract 249.03, King County, Washington",5013,65,0,0,0,0,0,0,0,20,0,0,0,12,0,58,392,72,115,424,274,1948,1108,273,252
1400000US53033025001,53033025001,"Census Tract 250.01, King County, Washington",3765,15,0,0,0,0,0,11,0,8,0,0,0,24,0,21,387,24,148,408,310,1626,569,100,114
1400000US53033025003,53033025003,"Census Tract 250.03, King County, Washington",4769,54,0,0,0,0,0,0,0,0,0,0,0,14,53,66,420,88,97,442,297,1699,966,335,238
1400000US53033025005,53033025005,"Census Tract 250.05, King County, Washington",3503,9,0,0,0,0,0,0,0,0,0,0,9,0,8,7,223,33,156,302,256,1246,861,205,188
1400000US53033025006,53033025006,"Census Tract 250.06, King County, Washington",4091,0,0,0,0,0,0,3,0,0,0,0,0,0,0,32,374,53,60,453,186,1394,1063,335,138
1400000US53033025101,53033025101,"Census Tract 251.01, King County, Washington",4229,0,16,0,0,0,41,0,14,114,39,75,15,0,68,119,645,144,347,497,387,1209,412,59,28
1400000US53033025102,53033025102,"Census Tract 251.02, King County, Washington",5139,80,0,0,0,0,0,38,0,14,12,15,15,82,55,50,844,129,308,731,227,1684,594,149,112
1400000US53033025200,53033025200,"Census Tract 252, King County, Washington",6125,92,0,0,0,33,0,0,0,0,16,147,39,38,28,140,1058,350,360,809,304,1933,469,167,142
1400000US53033025301,53033025301,"Census Tract 253.01, King County, Washington",5086,102,0,0,0,0,0,53,0,28,0,86,0,0,10,21,894,96,278,799,627,1484,595,13,0
1400000US53033025302,53033025302,"Census Tract 253.02, King County, Washington",3759,40,0,0,0,0,0,3,51,1,0,9,32,14,38,103,903,177,407,553,246,723,344,61,54
1400000US53033025400,53033025400,"Census Tract 254, King County, Washington",5091,89,0,0,50,0,39,32,0,200,0,53,29,48,97,167,1028,299,350,830,536,996,246,2,0
1400000US53033025500,53033025500,"Census Tract 255, King County, Washington",3455,101,0,0,0,0,0,25,0,13,0,34,38,36,108,90,985,227,219,364,241,636,299,27,12
1400000US53033025601,53033025601,"Census Tract 256.01, King County, Washington",3915,84,0,0,0,0,0,4,12,12,20,23,118,62,48,118,888,79,129,525,429,970,316,78,0
1400000US53033025602,53033025602,"Census Tract 256.02, King County, Washington",4133,38,0,0,0,0,0,0,15,52,0,0,32,42,12,89,351,104,176,667,524,1401,536,56,38
1400000US53033025701,53033025701,"Census Tract 257.01, King County, Washington",4497,28,0,0,0,0,0,0,9,42,0,0,39,19,0,15,859,181,317,745,590,1258,317,45,33
1400000US53033025702,53033025702,"Census Tract 257.02, King County, Washington",2495,34,0,0,0,0,0,0,0,1,8,0,18,13,28,13,466,71,118,472,337,612,247,44,13
1400000US53033025803,53033025803,"Census Tract 258.03, King County, Washington",3078,62,0,0,0,0,0,7,30,35,0,64,78,87,66,125,722,59,212,587,210,597,111,8,18
1400000US53033025804,53033025804,"Census Tract 258.04, King County, Washington",2577,29,0,0,0,0,28,0,0,0,0,46,22,26,34,72,654,122,167,327,255,671,114,10,0
1400000US53033025805,53033025805,"Census Tract 258.05, King County, Washington",3724,95,0,0,0,0,0,0,32,28,0,0,84,49,31,25,829,90,256,578,423,888,308,8,0
1400000US53033025806,53033025806,"Census Tract 258.06, King County, Washington",3470,30,0,0,0,0,0,0,10,0,8,18,11,6,16,37,700,116,254,458,347,938,479,12,30
1400000US53033026001,53033026001,"Census Tract 260.01, King County, Washington",4478,60,0,0,0,10,10,12,71,0,41,156,75,22,117,124,756,177,169,797,436,936,353,136,20
1400000US53033026002,53033026002,"Census Tract 260.02, King County, Washington",5517,108,0,0,0,0,0,37,21,52,58,37,103,108,65,153,938,149,464,867,709,1116,377,120,35
1400000US53033026100,53033026100,"Census Tract 261, King County, Washington",5352,128,0,0,0,0,46,146,93,33,93,0,116,193,137,30,1535,141,267,885,472,777,146,65,49
1400000US53033026200,53033026200,"Census Tract 262, King County, Washington",3942,58,0,0,0,0,0,0,0,10,0,18,111,236,0,66,807,166,113,796,398,737,191,0,235
1400000US53033026300,53033026300,"Census Tract 263, King County, Washington",1131,48,0,0,0,0,0,0,0,0,9,6,33,28,23,62,331,31,126,187,109,108,26,4,0
1400000US53033026400,53033026400,"Census Tract 264, King County, Washington",3939,68,0,0,0,0,0,40,0,113,33,51,101,82,132,103,1085,207,214,582,311,476,305,21,15
1400000US53033026500,53033026500,"Census Tract 265, King County, Washington",2765,84,0,0,0,0,83,6,46,13,56,43,130,94,67,114,705,128,256,472,123,260,72,13,0
1400000US53033026600,53033026600,"Census Tract 266, King County, Washington",1807,21,0,0,0,0,6,0,17,42,50,0,19,21,32,51,254,82,136,339,195,344,162,17,19
1400000US53033026700,53033026700,"Census Tract 267, King County, Washington",3850,29,0,0,0,0,0,0,34,12,53,15,174,30,24,101,595,134,330,530,337,922,320,140,70
1400000US53033026801,53033026801,"Census Tract 268.01, King County, Washington",4078,380,0,0,0,0,0,0,77,67,48,0,0,60,162,253,1183,175,277,487,277,499,85,48,0
1400000US53033026802,53033026802,"Census Tract 268.02, King County, Washington",3270,153,0,0,0,11,28,75,39,80,0,65,57,37,58,120,881,80,224,465,282,480,103,32,0
1400000US53033027000,53033027000,"Census Tract 270, King County, Washington",2336,69,0,0,0,0,0,0,23,10,0,36,37,79,104,46,581,47,207,449,145,417,86,0,0
1400000US53033027100,53033027100,"Census Tract 271, King County, Washington",2197,75,0,0,0,0,0,7,0,20,2,9,170,111,86,58,371,98,129,422,147,359,79,48,6
1400000US53033027200,53033027200,"Census Tract 272, King County, Washington",1725,127,0,0,6,16,0,29,0,79,0,30,63,29,31,59,351,59,70,260,115,276,81,27,17
1400000US53033027300,53033027300,"Census Tract 273, King County, Washington",3969,454,0,0,0,11,36,45,22,149,19,86,129,28,153,30,931,114,237,550,211,550,130,80,4
1400000US53033027400,53033027400,"Census Tract 274, King County, Washington",3357,119,0,0,0,0,36,0,42,68,95,24,68,72,71,82,811,167,319,367,302,567,129,10,8
1400000US53033027500,53033027500,"Census Tract 275, King County, Washington",3521,94,0,10,0,38,0,25,25,31,55,10,156,24,151,165,866,129,332,480,216,521,92,92,9
1400000US53033027600,53033027600,"Census Tract 276, King County, Washington",3066,48,0,0,0,21,82,49,9,191,0,0,62,87,83,81,394,84,199,383,252,667,259,80,35
1400000US53033027701,53033027701,"Census Tract 277.01, King County, Washington",3752,0,0,0,0,0,0,0,0,39,0,15,2,16,34,141,453,34,147,494,276,1078,641,180,202
1400000US53033027702,53033027702,"Census Tract 277.02, King County, Washington",3832,13,0,0,0,0,0,0,0,1,0,49,15,13,0,1,581,39,165,462,263,1196,664,249,121
1400000US53033027800,53033027800,"Census Tract 278, King County, Washington",2695,27,0,0,0,0,0,0,0,0,0,0,11,18,27,29,310,63,140,369,246,878,431,75,71
1400000US53033027900,53033027900,"Census Tract 279, King County, Washington",5827,23,0,0,0,0,53,0,0,18,0,0,321,69,64,199,1128,288,320,1184,577,1168,205,138,72
1400000US53033028000,53033028000,"Census Tract 280, King County, Washington",2826,52,0,0,49,0,0,54,19,296,23,38,103,43,52,88,817,89,162,441,165,286,40,0,9
1400000US53033028100,53033028100,"Census Tract 281, King County, Washington",1761,131,0,0,0,0,27,11,13,18,19,0,76,64,5,7,425,129,144,369,75,210,34,0,4
1400000US53033028200,53033028200,"Census Tract 282, King County, Washington",3193,107,0,0,0,0,56,60,0,63,15,40,183,17,45,87,730,88,131,683,304,437,116,24,7
1400000US53033028300,53033028300,"Census Tract 283, King County, Washington",3734,163,0,0,21,0,0,0,0,0,26,16,12,13,25,81,701,104,198,740,515,853,206,9,51
1400000US53033028402,53033028402,"Census Tract 284.02, King County, Washington",3366,176,0,0,0,50,11,11,0,74,49,5,58,16,24,80,863,100,192,719,311,486,102,39,0
1400000US53033028403,53033028403,"Census Tract 284.03, King County, Washington",3862,24,0,0,0,0,0,97,0,0,10,0,144,116,145,59,1163,12,385,614,386,541,122,22,22
1400000US53033028500,53033028500,"Census Tract 285, King County, Washington",2727,127,0,0,0,0,0,0,0,69,3,0,0,38,78,26,620,129,221,543,235,458,174,0,6
1400000US53033028600,53033028600,"Census Tract 286, King County, Washington",4889,19,0,0,0,0,0,0,0,0,0,55,46,52,0,32,584,131,234,807,312,1724,611,222,60
1400000US53033028700,53033028700,"Census Tract 287, King County, Washington",3577,70,0,0,0,0,2,0,0,17,5,58,25,10,65,95,625,161,299,669,454,685,292,36,9
1400000US53033028801,53033028801,"Census Tract 288.01, King County, Washington",2281,64,0,0,0,11,0,0,0,9,7,30,37,43,66,33,549,170,176,487,149,301,102,28,19
1400000US53033028802,53033028802,"Census Tract 288.02, King County, Washington",4436,191,0,0,0,0,0,14,0,89,44,72,134,79,23,72,1036,159,247,721,484,747,286,38,0
1400000US53033028901,53033028901,"Census Tract 289.01, King County, Washington",2555,59,0,0,0,0,0,17,0,1,0,0,12,24,77,35,444,78,221,540,281,540,160,18,48
1400000US53033028902,53033028902,"Census Tract 289.02, King County, Washington",4707,221,0,0,56,143,0,0,0,183,53,99,125,16,40,133,1148,220,363,638,552,556,121,40,0
1400000US53033029001,53033029001,"Census Tract 290.01, King County, Washington",3452,70,0,0,0,0,0,0,0,27,0,73,38,66,82,36,752,105,237,666,275,637,305,52,31
1400000US53033029003,53033029003,"Census Tract 290.03, King County, Washington",3995,52,0,0,14,7,0,14,0,97,0,22,218,61,87,194,938,102,317,756,338,649,87,17,25
1400000US53033029004,53033029004,"Census Tract 290.04, King County, Washington",2024,112,0,0,0,1,22,0,19,135,0,54,169,24,102,77,522,27,122,254,210,127,26,21,0
1400000US53033029101,53033029101,"Census Tract 291.01, King County, Washington",2311,7,0,0,0,0,0,0,0,12,12,52,0,65,45,80,329,72,156,301,220,612,283,65,0
1400000US53033029102,53033029102,"Census Tract 291.02, King County, Washington",2956,87,0,0,0,0,0,0,12,114,0,66,41,18,23,71,793,142,166,470,240,511,110,74,18
1400000US53033029203,53033029203,"Census Tract 292.03, King County, Washington",2721,68,0,0,0,0,13,0,12,0,11,116,77,97,109,88,446,374,166,561,232,244,86,11,10
1400000US53033029204,53033029204,"Census Tract 292.04, King County, Washington",4390,90,0,0,0,0,0,0,0,141,0,17,0,86,22,86,934,66,444,665,480,932,343,0,84
1400000US53033029205,53033029205,"Census Tract 292.05, King County, Washington",3288,70,0,0,0,0,0,0,0,20,0,0,72,87,55,49,727,132,321,442,257,733,216,46,61
1400000US53033029206,53033029206,"Census Tract 292.06, King County, Washington",2747,30,0,0,26,0,0,27,13,94,0,127,53,70,78,84,696,190,196,478,218,286,66,0,15
1400000US53033029303,53033029303,"Census Tract 293.03, King County, Washington",5279,50,0,0,0,0,0,0,19,40,7,5,62,91,0,130,888,197,271,1027,540,1345,460,80,67
1400000US53033029304,53033029304,"Census Tract 293.04, King County, Washington",3784,57,0,3,0,0,0,0,31,12,6,35,48,14,51,69,702,86,256,675,310,1009,300,100,20
1400000US53033029305,53033029305,"Census Tract 293.05, King County, Washington",2995,142,0,5,0,1,35,0,23,0,5,0,0,105,65,27,509,98,216,416,344,653,248,81,22
1400000US53033029306,53033029306,"Census Tract 293.06, King County, Washington",2428,48,0,0,0,9,0,0,0,22,38,19,8,45,49,7,543,65,140,447,327,494,100,48,19
1400000US53033029307,53033029307,"Census Tract 293.07, King County, Washington",2973,61,0,0,0,0,0,21,0,33,22,1,21,18,60,48,567,38,233,523,376,709,208,16,18
1400000US53033029403,53033029403,"Census Tract 294.03, King County, Washington",3920,119,0,0,0,0,0,0,41,35,118,139,46,155,42,50,752,148,272,580,343,797,242,41,0
1400000US53033029405,53033029405,"Census Tract 294.05, King County, Washington",3932,76,0,0,0,0,0,23,0,28,10,8,18,26,65,23,768,159,321,658,650,744,236,45,74
1400000US53033029406,53033029406,"Census Tract 294.06, King County, Washington",3344,68,0,12,0,0,29,0,20,25,5,34,17,6,35,62,596,79,214,504,439,813,322,42,22
1400000US53033029407,53033029407,"Census Tract 294.07, King County, Washington",3197,73,0,0,21,0,28,50,0,147,21,45,149,35,34,83,651,140,236,586,284,470,85,45,14
1400000US53033029408,53033029408,"Census Tract 294.08, King County, Washington",2703,68,0,0,0,49,31,0,43,33,0,45,30,110,34,48,697,186,186,577,232,240,69,9,16
1400000US53033029502,53033029502,"Census Tract 295.02, King County, Washington",4852,316,0,0,0,0,16,23,60,17,0,91,10,64,58,134,1095,106,375,580,665,768,306,154,14
1400000US53033029503,53033029503,"Census Tract 295.03, King County, Washington",5310,211,0,0,0,0,0,36,46,124,19,53,334,219,23,185,1557,354,294,639,449,622,89,56,0
1400000US53033029504,53033029504,"Census Tract 295.04, King County, Washington",3596,70,0,0,22,15,25,0,0,76,61,2,19,101,38,169,735,144,311,565,562,572,109,0,0
1400000US53033029601,53033029601,"Census Tract 296.01, King County, Washington",4323,197,15,15,0,23,0,27,9,30,0,110,183,33,103,85,921,128,273,799,524,683,151,0,14
1400000US53033029602,53033029602,"Census Tract 296.02, King County, Washington",4113,90,0,0,0,0,0,0,0,0,0,17,0,53,44,71,792,118,171,502,571,1274,305,76,29
1400000US53033029700,53033029700,"Census Tract 297, King County, Washington",5631,74,0,0,0,0,0,0,26,69,57,22,144,98,125,101,1584,351,506,967,584,756,167,0,0
1400000US53033029801,53033029801,"Census Tract 298.01, King County, Washington",6260,41,0,0,0,0,16,0,0,80,33,39,0,239,14,170,1341,288,464,1000,633,1487,310,72,33
1400000US53033029802,53033029802,"Census Tract 298.02, King County, Washington",5965,52,0,0,37,0,0,0,4,64,33,117,75,64,27,171,1167,340,518,1036,767,1138,232,36,87
1400000US53033029901,53033029901,"Census Tract 299.01, King County, Washington",3147,18,0,0,0,0,0,0,0,1,0,26,24,19,32,76,784,144,242,567,443,644,116,5,6
1400000US53033029902,53033029902,"Census Tract 299.02, King County, Washington",2806,26,0,0,0,0,0,0,0,0,11,8,16,79,33,58,616,104,245,410,368,596,172,17,47
1400000US53033030003,53033030003,"Census Tract 300.03, King County, Washington",4542,62,0,0,52,0,17,15,0,98,0,13,33,26,29,170,698,319,364,885,487,840,242,115,77
1400000US53033030004,53033030004,"Census Tract 300.04, King County, Washington",5298,182,0,18,0,0,0,0,13,108,0,37,76,136,42,257,1201,404,194,931,541,867,264,27,0
1400000US53033030005,53033030005,"Census Tract 300.05, King County, Washington",3546,139,0,0,0,0,0,11,57,35,26,39,130,46,95,88,801,300,429,646,217,410,65,12,0
1400000US53033030006,53033030006,"Census Tract 300.06, King County, Washington",2723,80,16,0,0,0,0,0,0,201,9,73,126,19,73,81,783,99,165,314,265,342,66,0,11
1400000US53033030100,53033030100,"Census Tract 301, King County, Washington",5574,27,0,0,0,0,16,20,53,4,56,52,52,55,0,50,965,124,391,1108,410,1407,616,106,62
1400000US53033030201,53033030201,"Census Tract 302.01, King County, Washington",3969,65,0,0,0,0,0,0,0,42,0,48,53,41,54,71,1095,154,396,503,451,653,329,6,8
1400000US53033030202,53033030202,"Census Tract 302.02, King County, Washington",4435,61,19,0,0,0,0,0,0,55,0,19,23,118,24,64,1324,112,356,598,636,671,289,49,17
1400000US53033030304,53033030304,"Census Tract 303.04, King County, Washington",2419,18,0,0,0,0,16,35,0,2,0,91,61,41,66,30,618,64,73,392,206,538,78,55,35
1400000US53033030305,53033030305,"Census Tract 303.05, King County, Washington",3729,3,0,0,0,0,0,0,0,12,42,13,2,23,45,85,774,135,323,740,492,690,260,90,0
1400000US53033030306,53033030306,"Census Tract 303.06, King County, Washington",3932,2,0,0,0,0,17,0,0,55,0,0,37,56,33,105,649,93,311,845,534,835,247,81,32
1400000US53033030308,53033030308,"Census Tract 303.08, King County, Washington",4139,63,0,0,0,0,0,0,0,20,0,0,122,10,0,23,910,190,324,658,503,894,370,52,0
1400000US53033030309,53033030309,"Census Tract 303.09, King County, Washington",3942,0,0,0,0,0,38,0,0,3,0,25,0,2,0,148,793,158,246,901,489,690,375,34,40
1400000US53033030310,53033030310,"Census Tract 303.10, King County, Washington",3799,53,0,0,0,0,0,10,0,11,0,12,35,11,54,34,689,58,197,763,493,880,374,22,103
1400000US53033030311,53033030311,"Census Tract 303.11, King County, Washington",3568,47,0,0,17,0,17,13,0,76,0,48,88,24,52,39,626,133,486,610,414,707,138,21,12
1400000US53033030312,53033030312,"Census Tract 303.12, King County, Washington",3142,56,0,0,0,0,0,65,43,0,40,11,29,2,11,33,619,120,517,564,366,499,146,11,10
1400000US53033030313,53033030313,"Census Tract 303.13, King County, Washington",2636,57,0,0,0,19,0,0,58,48,0,52,76,38,63,43,764,99,293,391,228,304,36,50,17
1400000US53033030314,53033030314,"Census Tract 303.14, King County, Washington",3068,38,0,0,0,0,17,44,7,104,26,43,31,0,76,102,718,112,296,461,349,521,100,14,9
1400000US53033030401,53033030401,"Census Tract 304.01, King County, Washington",6087,180,0,0,0,0,0,0,0,16,0,175,0,117,120,197,966,298,571,1078,855,1076,290,82,66
1400000US53033030403,53033030403,"Census Tract 304.03, King County, Washington",3153,25,0,0,0,0,0,0,0,8,0,0,27,59,11,36,710,105,268,443,411,695,300,19,36
1400000US53033030404,53033030404,"Census Tract 304.04, King County, Washington",3427,8,0,0,0,0,0,11,0,31,8,8,20,11,1,8,954,158,270,672,445,608,171,21,22
1400000US53033030501,53033030501,"Census Tract 305.01, King County, Washington",1365,32,0,0,0,0,2,27,0,9,4,12,20,31,10,30,414,122,145,184,117,138,58,0,10
1400000US53033030503,53033030503,"Census Tract 305.03, King County, Washington",3666,138,0,0,0,0,0,0,27,22,13,19,0,72,92,40,935,305,331,557,296,619,145,55,0
1400000US53033030504,53033030504,"Census Tract 305.04, King County, Washington",3242,19,0,0,0,0,0,0,0,6,50,0,71,118,87,100,923,157,391,558,302,360,93,0,7
1400000US53033030600,53033030600,"Census Tract 306, King County, Washington",4000,0,0,0,0,0,0,30,0,109,0,167,148,97,102,190,1154,349,473,500,329,230,98,24,0
1400000US53033030700,53033030700,"Census Tract 307, King County, Washington",2602,27,0,0,0,0,0,14,30,55,6,9,38,123,75,70,742,154,200,455,282,261,52,0,9
1400000US53033030801,53033030801,"Census Tract 308.01, King County, Washington",4175,39,0,0,0,62,123,43,0,181,32,18,104,142,183,170,1260,415,288,676,188,180,24,3,44
1400000US53033030802,53033030802,"Census Tract 308.02, King County, Washington",2611,56,0,16,0,0,0,0,10,52,31,73,59,0,94,113,846,201,248,274,253,227,58,0,0
1400000US53033030901,53033030901,"Census Tract 309.01, King County, Washington",2245,9,0,0,0,2,0,0,22,38,13,40,44,107,59,65,684,154,142,365,271,194,36,0,0
1400000US53033030902,53033030902,"Census Tract 309.02, King County, Washington",3879,54,0,0,0,15,33,0,0,0,7,128,102,62,163,125,798,133,360,717,524,521,137,0,0
1400000US53033031000,53033031000,"Census Tract 310, King County, Washington",2629,27,0,0,0,0,0,0,8,0,0,18,9,0,47,0,330,50,296,369,234,851,289,36,65
1400000US53033031100,53033031100,"Census Tract 311, King County, Washington",4670,46,0,4,4,0,12,9,5,56,4,31,41,114,94,79,1135,416,447,843,494,597,221,12,6
1400000US53033031202,53033031202,"Census Tract 312.02, King County, Washington",4445,25,0,0,0,0,0,0,2,5,31,40,82,39,142,41,1250,256,377,663,299,850,255,71,17
1400000US53033031204,53033031204,"Census Tract 312.04, King County, Washington",4509,18,29,0,0,0,0,0,0,0,0,0,0,140,0,57,992,160,357,703,552,1040,321,95,45
1400000US53033031205,53033031205,"Census Tract 312.05, King County, Washington",4253,22,0,0,0,0,0,0,0,30,17,38,39,47,15,139,648,245,321,910,640,820,217,69,36
1400000US53033031206,53033031206,"Census Tract 312.06, King County, Washington",2892,35,0,0,0,0,12,0,0,40,11,12,131,15,9,64,605,161,346,464,300,503,152,23,9
1400000US53033031301,53033031301,"Census Tract 313.01, King County, Washington",1871,18,0,0,0,0,0,0,0,3,6,34,61,36,57,42,535,96,178,230,173,269,111,22,0
1400000US53033031302,53033031302,"Census Tract 313.02, King County, Washington",2631,9,0,0,0,0,0,0,0,28,0,12,31,69,59,66,660,137,354,446,227,291,134,54,54
1400000US53033031400,53033031400,"Census Tract 314, King County, Washington",4299,14,0,0,0,65,0,0,6,57,94,205,15,0,59,12,1268,92,381,757,473,609,175,0,17
1400000US53033031501,53033031501,"Census Tract 315.01, King County, Washington",2829,0,0,0,0,0,53,0,0,13,0,41,0,18,130,35,910,190,203,352,291,422,149,22,0
1400000US53033031502,53033031502,"Census Tract 315.02, King County, Washington",3226,17,0,0,0,0,0,0,0,11,11,0,39,20,106,33,848,127,313,499,324,554,142,136,46
1400000US53033031601,53033031601,"Census Tract 316.01, King County, Washington",3889,54,0,0,0,0,0,0,0,0,0,20,45,40,45,49,765,115,309,684,423,971,327,24,18
1400000US53033031603,53033031603,"Census Tract 316.03, King County, Washington",4009,33,0,0,0,0,33,0,11,0,0,0,0,98,50,58,822,116,428,723,312,816,389,26,94
1400000US53033031604,53033031604,"Census Tract 316.04, King County, Washington",3280,0,0,0,0,0,0,0,0,0,0,0,0,0,29,21,496,243,251,424,403,903,425,32,53
1400000US53033031605,53033031605,"Census Tract 316.05, King County, Washington",2665,0,0,0,0,0,0,0,0,0,0,19,40,28,8,19,460,95,239,502,280,662,242,52,19
1400000US53033031703,53033031703,"Census Tract 317.03, King County, Washington",5206,19,0,0,0,25,0,0,14,0,0,12,42,73,33,173,879,67,367,794,943,1124,371,218,52
1400000US53033031704,53033031704,"Census Tract 317.04, King County, Washington",3584,53,0,0,24,0,0,23,8,21,0,44,69,86,29,65,886,116,237,623,474,589,207,21,9
1400000US53033031705,53033031705,"Census Tract 317.05, King County, Washington",2754,5,0,0,0,0,0,18,4,0,0,5,0,7,32,36,509,71,284,465,382,707,156,18,55
1400000US53033031706,53033031706,"Census Tract 317.06, King County, Washington",5172,31,0,21,11,0,0,13,0,0,0,0,96,65,65,115,1155,168,455,784,705,995,424,52,17
1400000US53033031800,53033031800,"Census Tract 318, King County, Washington",3413,0,0,0,0,0,0,0,0,15,0,0,4,0,33,38,706,87,211,878,278,858,264,30,11
1400000US53033031903,53033031903,"Census Tract 319.03, King County, Washington",4581,0,0,0,0,0,7,20,0,32,0,0,13,29,42,14,1128,108,492,688,430,1069,299,78,132
1400000US53033031904,53033031904,"Census Tract 319.04, King County, Washington",2398,11,0,0,0,0,0,0,0,0,0,17,0,22,6,51,477,76,213,421,212,657,180,50,5
1400000US53033031906,53033031906,"Census Tract 319.06, King County, Washington",2729,9,0,0,0,0,2,0,0,21,9,0,0,0,48,35,396,70,215,234,286,965,364,38,37
1400000US53033031907,53033031907,"Census Tract 319.07, King County, Washington",5292,98,0,1,0,0,1,0,0,47,0,10,0,57,13,0,572,118,266,896,412,1816,777,179,29
1400000US53033031908,53033031908,"Census Tract 319.08, King County, Washington",3088,47,0,0,0,0,0,0,2,2,0,0,8,15,33,33,690,95,171,563,394,711,278,46,0
1400000US53033031909,53033031909,"Census Tract 319.09, King County, Washington",2225,15,0,0,0,0,0,0,0,12,0,8,0,1,0,22,285,24,133,432,222,699,321,30,21
1400000US53033032002,53033032002,"Census Tract 320.02, King County, Washington",2400,0,0,0,0,0,0,0,0,0,0,0,0,12,29,12,713,50,284,338,168,582,166,31,15
1400000US53033032003,53033032003,"Census Tract 320.03, King County, Washington",3696,0,0,0,0,0,0,0,0,0,0,0,28,58,49,87,972,78,278,672,313,764,312,72,13
1400000US53033032005,53033032005,"Census Tract 320.05, King County, Washington",4981,38,0,0,0,0,0,0,0,0,0,0,60,61,115,113,1283,183,532,742,465,1015,279,79,16
1400000US53033032006,53033032006,"Census Tract 320.06, King County, Washington",3796,54,0,0,0,0,0,0,0,0,0,11,24,24,52,98,657,108,387,705,325,948,302,93,8
1400000US53033032007,53033032007,"Census Tract 320.07, King County, Washington",2519,30,0,0,0,0,0,0,0,0,0,0,0,27,42,0,512,64,224,383,268,645,281,22,21
1400000US53033032008,53033032008,"Census Tract 320.08, King County, Washington",3155,12,0,0,0,0,0,0,11,0,0,0,0,5,28,43,596,50,275,785,452,698,159,20,21
1400000US53033032010,53033032010,"Census Tract 320.10, King County, Washington",3659,0,0,0,0,0,0,0,0,20,0,0,0,0,37,25,473,14,403,576,333,1241,521,16,0
1400000US53033032011,53033032011,"Census Tract 320.11, King County, Washington",2792,0,0,0,0,0,0,12,0,0,0,18,0,0,0,61,460,45,172,664,282,688,321,35,34
1400000US53033032102,53033032102,"Census Tract 321.02, King County, Washington",3653,0,0,0,0,0,31,0,0,0,0,0,28,10,17,73,584,86,136,501,281,1217,528,86,75
1400000US53033032103,53033032103,"Census Tract 321.03, King County, Washington",3522,16,0,0,0,0,0,0,0,0,0,0,0,51,40,24,569,32,191,655,263,1161,417,70,33
1400000US53033032104,53033032104,"Census Tract 321.04, King County, Washington",4506,74,0,0,0,0,0,0,45,208,0,0,0,6,20,52,620,85,245,715,201,1547,546,102,40
1400000US53033032203,53033032203,"Census Tract 322.03, King County, Washington",5327,21,0,0,0,0,0,0,0,0,0,17,16,5,65,16,195,25,103,559,651,2135,1211,135,173
1400000US53033032207,53033032207,"Census Tract 322.07, King County, Washington",2397,0,0,0,0,0,0,0,0,0,0,9,0,0,23,24,135,0,86,203,165,1082,479,122,69
1400000US53033032208,53033032208,"Census Tract 322.08, King County, Washington",7242,19,17,0,0,0,0,0,0,0,0,15,3,38,0,38,662,118,256,898,590,2768,1406,214,200
1400000US53033032210,53033032210,"Census Tract 322.10, King County, Washington",9012,0,0,0,1,0,0,0,0,0,0,0,0,97,38,24,691,31,283,814,815,3572,1991,441,214
1400000US53033032211,53033032211,"Census Tract 322.11, King County, Washington",3376,34,0,0,0,0,0,0,2,0,0,0,0,0,23,45,205,8,189,335,219,1445,707,48,116
1400000US53033032212,53033032212,"Census Tract 322.12, King County, Washington",5385,0,0,0,0,0,0,0,0,0,0,0,60,72,27,0,436,13,127,485,279,2349,1267,179,91
1400000US53033032213,53033032213,"Census Tract 322.13, King County, Washington",2967,22,0,0,0,0,0,0,0,2,1,8,8,11,1,24,182,9,139,313,137,1208,641,110,151
1400000US53033032214,53033032214,"Census Tract 322.14, King County, Washington",4030,19,0,0,0,0,0,1,0,0,0,0,27,0,0,38,213,7,74,334,253,1725,1094,128,117
1400000US53033032215,53033032215,"Census Tract 322.15, King County, Washington",3102,11,0,0,0,0,0,0,0,0,0,13,9,17,0,17,88,0,43,195,170,1447,868,95,129
1400000US53033032307,53033032307,"Census Tract 323.07, King County, Washington",4295,0,0,0,0,0,0,0,0,20,0,0,0,13,19,54,446,46,364,584,427,1292,859,70,101
1400000US53033032309,53033032309,"Census Tract 323.09, King County, Washington",5535,0,0,0,0,0,0,2,2,0,0,15,0,0,15,0,348,27,96,375,360,2221,1730,136,208
1400000US53033032311,53033032311,"Census Tract 323.11, King County, Washington",4296,27,0,0,0,0,0,0,0,0,0,0,0,0,0,55,531,86,317,519,354,1372,717,252,66
1400000US53033032313,53033032313,"Census Tract 323.13, King County, Washington",4722,0,0,0,0,0,0,0,0,211,0,0,12,14,13,60,369,16,171,529,261,1573,1367,81,45
1400000US53033032315,53033032315,"Census Tract 323.15, King County, Washington",3998,8,0,0,0,0,0,0,0,0,9,0,0,28,32,15,532,46,302,588,337,1259,589,179,74
1400000US53033032316,53033032316,"Census Tract 323.16, King County, Washington",3524,0,0,0,0,0,0,7,0,14,0,0,0,0,17,16,196,36,112,191,162,1615,970,97,91
1400000US53033032317,53033032317,"Census Tract 323.17, King County, Washington",4238,0,0,0,0,0,0,0,0,23,0,18,19,23,0,22,203,57,140,499,331,1591,1067,71,174
1400000US53033032318,53033032318,"Census Tract 323.18, King County, Washington",3948,22,0,0,0,0,0,0,0,0,0,0,14,24,0,1,204,28,102,286,252,1646,1043,79,247
1400000US53033032319,53033032319,"Census Tract 323.19, King County, Washington",4036,0,0,0,0,0,0,0,0,0,0,51,0,6,34,32,572,101,244,591,186,1587,466,108,58
1400000US53033032320,53033032320,"Census Tract 323.20, King County, Washington",3131,26,0,0,0,0,0,0,0,0,0,15,8,38,26,16,313,11,176,291,260,1206,582,85,78
1400000US53033032321,53033032321,"Census Tract 323.21, King County, Washington",3869,10,0,0,3,0,0,0,0,16,0,4,27,12,15,0,104,50,130,312,168,1508,1056,203,251
1400000US53033032322,53033032322,"Census Tract 323.22, King County, Washington",2425,14,0,0,0,0,0,0,0,0,0,0,0,10,12,22,107,23,88,305,178,981,467,98,120
1400000US53033032323,53033032323,"Census Tract 323.23, King County, Washington",3983,0,0,15,0,0,0,0,0,0,0,0,17,2,0,68,250,27,95,348,323,1611,986,71,170
1400000US53033032324,53033032324,"Census Tract 323.24, King County, Washington",3957,1,0,0,0,0,0,0,0,0,36,0,126,1,47,25,313,0,289,446,385,1223,959,18,88
1400000US53033032325,53033032325,"Census Tract 323.25, King County, Washington",4019,45,0,17,0,0,7,0,0,5,12,0,0,36,0,18,273,47,163,537,385,1366,831,225,52
1400000US53033032326,53033032326,"Census Tract 323.26, King County, Washington",2646,25,0,0,0,0,0,0,0,45,0,37,9,0,10,12,195,59,102,280,160,1159,395,93,65
1400000US53033032327,53033032327,"Census Tract 323.27, King County, Washington",3546,8,0,0,0,0,0,0,0,0,0,0,0,0,8,23,264,44,87,426,302,1372,649,177,186
1400000US53033032328,53033032328,"Census Tract 323.28, King County, Washington",2325,0,0,0,0,0,0,0,0,0,0,14,11,19,0,12,211,10,149,273,154,815,433,171,53
1400000US53033032329,53033032329,"Census Tract 323.29, King County, Washington",5797,18,0,0,0,0,0,0,0,0,0,0,17,0,0,0,193,100,140,344,271,2541,1599,215,359
1400000US53033032401,53033032401,"Census Tract 324.01, King County, Washington",4239,0,0,0,0,0,0,0,0,1,0,0,94,14,38,39,637,143,187,579,624,1292,541,50,0
1400000US53033032402,53033032402,"Census Tract 324.02, King County, Washington",4464,62,0,0,0,0,0,0,0,0,0,0,0,0,73,35,570,149,342,762,560,1301,561,35,14
1400000US53033032500,53033032500,"Census Tract 325, King County, Washington",3906,16,0,0,0,0,0,0,11,35,0,15,11,22,52,79,542,119,288,586,357,1230,441,51,51
1400000US53033032601,53033032601,"Census Tract 326.01, King County, Washington",2003,30,0,0,0,0,0,0,0,45,0,0,0,0,31,37,298,19,205,315,140,592,192,53,46
1400000US53033032602,53033032602,"Census Tract 326.02, King County, Washington",8352,14,0,15,0,0,0,0,0,0,19,0,0,19,0,138,518,62,408,1010,514,3657,1503,343,132
1400000US53033032702,53033032702,"Census Tract 327.02, King County, Washington",4781,0,0,0,0,0,0,0,0,13,0,0,2,0,18,40,975,141,295,756,718,1392,374,43,14
1400000US53033032703,53033032703,"Census Tract 327.03, King County, Washington",1644,34,0,0,0,0,0,0,0,0,0,0,9,22,6,56,249,71,174,243,116,489,126,49,0
1400000US53033032704,53033032704,"Census Tract 327.04, King County, Washington",4575,29,0,0,0,0,0,0,0,98,0,73,0,35,49,106,559,271,206,924,516,1296,230,121,62
1400000US53033032800,53033032800,"Census Tract 328, King County, Washington",1797,10,0,0,0,0,0,0,0,0,0,24,4,27,19,30,245,56,103,330,113,536,264,30,6
1400000US53033990100,53033990100,"Census Tract 9901, King County, Washington",0,0,0,0,0,0,0,0,0,0,0,0,0,0,0,0,0,0,0,0,0,0,0,0,0
